test,test,Delft,03/10/2023 19:20:49,test,test,03/10/2023 19:20:56,Geaccepteerd
Sandertest,Ik heb echt heel veel feedback. Dit is om te testen of de tekst niet buiten de box gaat,Deventer,03/10/2023 19:30:15,test,test,03/10/2023 19:31:00,Geaccepteerd
Annoniem,Ik ben annoniem,Oss,03/10/2023 19:30:36,test,test,03/10/2023 19:31:00,Geaccepteerd
biggiedaggoe,test,Maastricht,03/10/2023 19:30:42,test,test,03/10/2023 19:31:00,Geaccepteerd
goeie,test,Boxtel,03/10/2023 19:30:53,test,test,03/10/2023 19:31:00,Geaccepteerd
testtest,test,Groningen,03/10/2023 19:31:15,test,test,03/10/2023 19:31:35,Geaccepteerd
ewa,ewa,Zwolle,03/10/2023 19:31:20,test,test,03/10/2023 19:31:35,Geaccepteerd
Naam,ik wil goede feedback,Zaandam,03/10/2023 19:31:25,test,test,03/10/2023 19:31:35,Geaccepteerd
Sander,Ik heb echt hele goede feedback. Dit is een test om te splitsen op woord. hierdoor kan je zien of dit werkt,Zutphen,04/10/2023 12:58:47,Sander,Moderator,04/10/2023 12:59:27,Geaccepteerd
Sander,Dit is mijn test feedback,Den Bosch,05/10/2023 21:46:53,SanderMOD,Testemail@gmail.com,05/10/2023 21:54:10,Geaccepteerd
Sander,Dit is mijn feedback om te testen of het splitten van tekst werkt om ervoor te zorgen dat woorden nooit buiten de box komen.,Amsterdam,08/10/2023 14:51:01,Sander,TESTEMAIL@gmail.com,08/10/2023 14:52:28,Geaccepteerd
test123456,test,Arnhem,09/10/2023 12:57:37,test,test,09/10/2023 12:58:14,Geaccepteerd
